{"Implementation approach":"We will use an energy-based learning approach to train the NLP model, leveraging open-source deep learning frameworks like PyTorch or TensorFlow. The model architecture will balance size and performance, using techniques like knowledge distillation and quantization to reduce compute costs. Datasets will be carefully curated to cover diverse domains. Modularity will be a key focus, organizing the codebase into reusable components. Evaluation metrics will track both language understanding performance and energy efficiency.","File list":["main.py","model/energy_nlp.py","model/layers.py","data/dataset.py","training/trainer.py","evaluation/metrics.py","utils/energy_monitor.py"],"Data structures and interfaces":"\nclassDiagram\n    class Main {\n        -EnergyNLPModel model\n        -Trainer trainer\n        -Evaluator evaluator\n        +train()\n        +evaluate()\n    }\n    class EnergyNLPModel {\n        -ModelArchitecture architecture\n        -PreTrainedWeights pretrained_weights\n        +__init__(arch: ModelArchitecture, weights: PreTrainedWeights)\n        +forward(input_ids: Tensor, attention_mask: Tensor) Tensor\n        +generate(input_str: str, max_length: int) str\n    }\n    class ModelArchitecture {\n        -TransformerEncoder encoder\n        -TransformerDecoder decoder\n        -int num_layers\n        -int hidden_size\n    }\n    class PreTrainedWeights {\n        -Tensor encoder_weights\n        -Tensor decoder_weights\n    }\n    class TransformerEncoder {\n        -nn.TransformerEncoderLayer encoder_layer\n        -nn.Embedding embedding \n    }\n    class TransformerDecoder {\n        -nn.TransformerDecoderLayer decoder_layer\n        -nn.Embedding embedding\n    }\n    class Trainer {\n        -EnergyNLPModel model\n        -Dataset train_dataset\n        -EnergyMonitor energy_monitor\n        +train(num_epochs: int)\n    }\n    class Dataset {\n        -str name\n        -List[str] examples\n        +__getitem__(index: int) Tuple[Tensor, Tensor]  \n    }\n    class Evaluator {\n        -Dataset test_dataset\n        -List[Metric] metrics\n        +evaluate(model: EnergyNLPModel) dict\n    }\n    class Metric {\n        +compute(pred: Tensor, target: Tensor) float\n    }\n    class EnergyMonitor {\n        +start_monitor()\n        +get_energy_consumption() float\n    }\n\n    Main *-- EnergyNLPModel\n    Main *-- Trainer\n    Main *-- Evaluator\n    EnergyNLPModel *-- ModelArchitecture\n    EnergyNLPModel *-- PreTrainedWeights\n    ModelArchitecture *-- TransformerEncoder\n    ModelArchitecture *-- TransformerDecoder\n    Trainer *-- EnergyNLPModel\n    Trainer *-- Dataset\n    Trainer *-- EnergyMonitor  \n    Evaluator *-- Dataset\n    Evaluator *-- Metric\n","Program call flow":"\nsequenceDiagram\n    participant M as Main\n    participant ENLP as EnergyNLPModel\n    participant T as Trainer\n    participant D as Dataset\n    participant EM as EnergyMonitor\n    participant E as Evaluator\n    M->>ENLP: __init__(architecture, pretrained_weights)\n    M->>T: __init__(model, train_dataset, energy_monitor)\n    T->>D: __getitem__(index)\n    D-->>T: return input_ids, attention_mask\n    T->>EM: start_monitor()\n    T->>ENLP: forward(input_ids, attention_mask)\n    ENLP-->>T: return loss\n    T->>T: update model weights\n    T->>EM: get_energy_consumption()\n    EM-->>T: return energy\n    T-->>M: return trained model\n    M->>E: evaluate(model) \n    E->>D: __getitem__(index)\n    D-->>E: return input_ids, attention_mask\n    E->>ENLP: forward(input_ids, attention_mask)\n    ENLP-->>E: return output_logits\n    E->>Metric: compute(output_logits, labels)\n    Metric-->>E: return score\n    E-->>M: return evaluation scores\n","Anything UNCLEAR":"More research is needed to define concrete criteria for determining if AGI-level performance has been achieved. This will likely require collaboration with experts in cognitive science and philosophy to establish a framework for assessing the model's reasoning abilities and general intelligence. Additionally, the choice of datasets and evaluation tasks should be carefully considered to ensure they align with the goal of developing an AGI system. Potential challenges around dataset bias and limitations of benchmark tasks will need to be addressed."}