{"docs/system_design/20240320144041.json": ["docs/prd/20240320144041.json"], "docs/task/20240320144041.json": ["docs/system_design/20240320144041.json"], "energy_nlp_agi/model/layers.py": ["docs/system_design/20240320144041.json", "docs/task/20240320144041.json"], "energy_nlp_agi/model/energy_nlp.py": ["docs/system_design/20240320144041.json", "docs/task/20240320144041.json"], "energy_nlp_agi/data/dataset.py": ["docs/system_design/20240320144041.json", "docs/task/20240320144041.json"], "energy_nlp_agi/evaluation/metrics.py": ["docs/system_design/20240320144041.json", "docs/task/20240320144041.json"], "energy_nlp_agi/utils/energy_monitor.py": ["docs/system_design/20240320144041.json", "docs/task/20240320144041.json"], "energy_nlp_agi/training/trainer.py": ["docs/system_design/20240320144041.json", "docs/task/20240320144041.json"], "energy_nlp_agi/main.py": ["docs\\system_design\\20240320144041.json", "docs\\task\\20240320144041.json"]}