{"Required Python packages":["torch>=1.8","transformers>=4.0","datasets>=1.6","pytorch-lightning>=1.3"],"Required Other language third-party packages":["No third-party dependencies required for other languages"],"Logic Analysis":[["main.py","Contains main function to train and evaluate the model"],["model/energy_nlp.py","Defines the EnergyNLPModel class, ModelArchitecture and PreTrainedWeights"],["model/layers.py","Implements custom Transformer encoder and decoder layers"],["data/dataset.py","Contains Dataset class to load and preprocess data"],["training/trainer.py","Defines Trainer class to train the model"],["evaluation/metrics.py","Implements evaluation metrics like perplexity, BLEU, etc."],["utils/energy_monitor.py","Provides EnergyMonitor class to track energy consumption"]],"Task list":["model/layers.py","model/energy_nlp.py","data/dataset.py","evaluation/metrics.py","utils/energy_monitor.py","training/trainer.py","main.py"],"Full API spec":"","Shared Knowledge":"The `Dataset` class in `data/dataset.py` will be used by both `Trainer` and `Evaluator` classes. \nThe `EnergyNLPModel` defined in `model/energy_nlp.py` is the central component used across training and evaluation.","Anything UNCLEAR":"The criteria for assessing AGI-level performance needs more research and collaboration with cognitive science experts. The choice of datasets and evaluation tasks should align with the goal of developing an AGI system, addressing potential challenges around dataset bias and benchmark limitations."}